Bryanna,Plaisir,76
Ethan,McKellips,90
Aidan,Lonergan,92
ChiSing,Thao,88
Kristopher,Navar,70
Ryan,Toh,98
Elliot,Virtue,77
Jimmy,Li,84
John,Smith,65
Gayle,Morana,71
Trenton,Anne,83
Rathniat,Chavaqquq,69
Stien,Galina,93
Magda,Ronne,80
Eadwulf,Timaeus,73
Vilfredo,Victor,66
Eduard,Ainslie,100
Tahila,Theofilus,96
Mykolas,Iola,91
Agmes,Morley,3
Jasmine,Owen,22
Michal,Steele,95
Martin,Stone,67
Suzume,Coates,53
Ema,Watts,60
Meade,Byrd,81
Ruut,Tucker,70
Brunhild,Maxwell,87
Zorka,Smith,67
Maia,Woods,90
Sophronia,Knight,30
Deorsa,Fisher,77
Ivah,Kelley,50
Nanna,Burke,55
Witek,Whittle,70
Turlough,Hunt,51
Domagoj,Huff,47
Egidio,Little,25
Lyndsay,Medina,61
Wilhelm,Strickland,17
Melanija,Gibbons,67
Priya,Ross,23
Vira,Morrison,98
Nels,Wallace,7
Baladeva,King,90
Monday,McCormick,9
Onyeka,Hopkins,100
Hildimar,Nelson,72
Melania,Nunez,35
Olga,Bush,26
Anna,Curry,41
Cheri,Gibson,23
Armida,Ferguson,84
Filippo,West,95
Rukmini,Rodriguiz,78
Annette,Gilbert,70
Archie,Delgado,42
Issachar,Richardson,56
Zayden,Barnes,61
Aabraham,Haynes,66
Nichole,Duncan,10
Natalie,Hodgson,61
Gines,Ryan,5
Ramesh,Spencer,31
Olympia,Yang,53
Sharalyn,Ray,89
Felicius,Goodwin,4
Siddharth,Norris,91
Trokhym,Valdez,34
Deon,Scott,6
Thandi,Patton,30
Predrag,Bernard,33
Soheil,Turnbull,58
Yehoyakim,Stephens,68
Roderic,Murray,35
Benett,Luna,71
Sissinnguaq,Thompson,55
Aswathi,Armstrong,29
Suman,Vazquez,11
Markku,McGee,17
FranciscoJavier,Wilkins,0
Mridula,Hussain,7
Umaru,Vega,50
Sophronia,Christensen,18
Miodrag,Avila,80
Soleil,Reilly,36
Ajith,Leonard,55
Gidon,Doyle,84
Laura,Simpson,66
Valentina,Haines,65
Tatiana,Lewis,55
Katharina,Kelly,71
JensZuzanka,Foster,37
Barbara,Sharp,48
Berlin,Stevens,23
Mickael,Knowles,21
Elah,Fletcher,32
Alojzije,Watson,92
Maja,Martinez,14
Griffin,Grass,78
Evan,Seefield,9
Zach,Hanser,5
Liam,Duffy,21
Max,Finco,37
Sharath,Palthepu,90
Quincy,Kroner,89
Blake,Weiner,34
Liam,Nicol,40
Alex,Rzepinski,49
Jai,Taylor,20
Pele,Gordon,44
Asya,Lawson,41
Oto,Frank,62
Paisley,Rogers,93
Vinicio,Banks,42
Elisabeth,Hines,76
Marcin,Flowers,36
Matilda,Alavarado,2
Nevena,Jacobs,51
Stathis,Tery,47
Mihail,Tyler,15
Khadija,Barrett,22
Onangwatgo,Ramos,61
Arbana,Mason,86
Arjun,McKinney,11
Mao,Kramer,100
Constantine,Goodwin,53
Nikola,Oliver,40
Amatus,Tucker,22
Bogdana,Hodges,76
Elva,Ali,1
Yisrael,Hopkins,74
Norene,Chandler,16
Selma,Hunter,32
Alfhard,Macondald,95
Rashaun,Jenkins,39
Priapos,Nelson,81
Liselott,Simon,6
Sima,Rojas,90
Pran,Jensen,6
Artur,Zimmerman,87
Wassily,Bauer,60
Kashin,Shah,41
Aurelius,Cox,3
Rahel,Long,93
Benedek,Ramirez,17
Sergi,Cooper,44
Dimitrij,Obrien,14
Ploutarchos,Jimenez,22
Bernardo,Fuller,2
Nilus,James,47
Ajit,Patel,89
Neske,Castillo,11
Meresankh,Elliott,60
Theophilus,Freeman,21
Shantelle,Gomez,82
Regena,Erickson,57
Brenton,Hernandez,34
Anamaria,Parks,0
Mustafa,Bradshaw,50
Ashok,Graham,18
Kaja,Hope,18
Rama,Lynch,2
Magnolia,Nash,58
Julia,Pritchard,3
Brigitta,Reid,54
Elise,Morgan,40
Seona,Rowland,71
Woodie,Adkins,24
Dov,Smith,39
Snezhana,Sparks,8
Addison,Rae,75
Tjeerd,Fowler,74
Ahava,Morrison,9
Aditi,Stephens,72
Lalage,Carlson,51
Danai,Heath,62
Kahina,Cobb,9
Shahd,Hale,0
Yulduz,Adams,74
Marjo,Aguire,100
Hilde,Delgado,76
Mitsuko,Stewart,90
Ailen,Lawson,19
Saturn,Le,54
Lina,Ray,49
Nastya,Myers,86
Spas,Wilkins,54
Antonia,Rivera,78
Ari,Scott,31
Bartolomeu,Foster,85
Arnaq,Little,12
Wina,Stokes,25
Jupiter,Wallace,89
Tudur,Harrison,7
Marica,Cross,35
Paula,Perkins,11
Smpo,Parsons,87
Ester,Baldwin,31
Dragan,Malone,23
